{"rouge1": [[0.2293605987743742, 0.2893702626564697, 0.24040603872314692], [0.23219166511069644, 0.2929691098123498, 0.24322544139920094], [0.23483557009271033, 0.2964191843742017, 0.24604646143191733]], "rouge2": [[0.07334143939732701, 0.09691135254190128, 0.07894421683530248], [0.0751197980858791, 0.09919810944018907, 0.08072515414482721], [0.07675151440852951, 0.10136060399688922, 0.08247062478960276]], "rougeL": [[0.15272409246804794, 0.19272048810975492, 0.15938949059812424], [0.15466639149789418, 0.195051091871978, 0.16118347406809416], [0.15653964811644608, 0.19732861582498615, 0.16293748026509733]], "rougeLsum": [[0.19722880401826023, 0.24717569644755755, 0.20581391217291325], [0.1995634887397884, 0.25003853333255804, 0.20808146284118342], [0.20217567406549464, 0.25314234733645474, 0.21037396503621147]], "coherence": 0.524294, "consistency": 0.615629, "fluency": 0.765862, "relevance": 0.480343, "overall": 0.596532}