{"rouge1": [[0.24724347531966406, 0.3102314139782451, 0.25891150329429763], [0.24989147953378982, 0.3136855218818294, 0.26167022233470216], [0.2526976471379137, 0.3173512407965832, 0.26447274517079117]], "rouge2": [[0.07984901641273302, 0.10427405433183735, 0.08554260101425008], [0.08157846799898955, 0.10658144115689333, 0.08733675766248077], [0.08344038307618205, 0.10889291420859734, 0.08920492436642939]], "rougeL": [[0.16519534369146294, 0.20719659643666738, 0.1722833331344738], [0.1669895333760315, 0.20950322531185805, 0.17404526357844657], [0.16893414498722342, 0.21194583093635266, 0.17591301958895939]], "rougeLsum": [[0.21280280943013002, 0.26503562805165215, 0.2219121923448659], [0.21502782357780287, 0.26795359749204206, 0.22405226087792557], [0.21739626725802305, 0.2708276078167482, 0.2263482206114985]], "coherence": 0.505001, "consistency": 0.609986, "fluency": 0.776245, "relevance": 0.461439, "overall": 0.588168}