{"rouge1": [[0.22597578896908896, 0.2781175156281443, 0.2311648679071802], [0.22884012661110759, 0.28180481693430015, 0.23404470273647465], [0.23180455691193316, 0.28547117755044527, 0.23702210819947928]], "rouge2": [[0.07098870200088403, 0.09338309225619411, 0.07607188091162326], [0.07261565403711073, 0.09562853949215722, 0.07784268157085858], [0.07434368309145563, 0.09774897987774694, 0.07948774889574463]], "rougeL": [[0.151864448848715, 0.18460324096078037, 0.15302835927911443], [0.15395700197298076, 0.18719222790254925, 0.15485832889678275], [0.15612902442477897, 0.18970141987805067, 0.15684467138221694]], "rougeLsum": [[0.19465324854569052, 0.23683452803713134, 0.19746690878013473], [0.19729608117406766, 0.23990150309079356, 0.1998822651941844], [0.19975966363918393, 0.24311952817381455, 0.20232383243389268]], "coherence": 0.534243, "consistency": 0.592848, "fluency": 0.737465, "relevance": 0.494674, "overall": 0.589808}