{"rouge1": [[0.18555305564211333, 0.21951033785386062, 0.19856562088704952], [0.2586833046442348, 0.3015550776193191, 0.2614473680784981], [0.3391341627143888, 0.3822874177620964, 0.31225714376833785]], "rouge2": [[0.03499795388324065, 0.04150639268753447, 0.038189080491372214], [0.08929870278397387, 0.10275160695670585, 0.0897666022127023], [0.15064207773356206, 0.1661871374474011, 0.14461999738352418]], "rougeL": [[0.12704529427400948, 0.15268217093224296, 0.13523091590948733], [0.1929824744473755, 0.21790148685470523, 0.19165738904544877], [0.2689434203870595, 0.2713936590991454, 0.24545045750269628]], "rougeLsum": [[0.16782727228052305, 0.1912135050896616, 0.17334594749600082], [0.2310626312509263, 0.2567890826503758, 0.22685045113616545], [0.29574807665919667, 0.32526907253523196, 0.2784351070926231]], "coherence": 0.346313, "consistency": 0.599183, "fluency": 0.88192, "relevance": 0.519048, "overall": 0.586616}