{"rouge1": [[0.33567431792100566, 0.3199280652287639, 0.2970117257182711], [0.3384000796391954, 0.32307131803817757, 0.29937196921343656], [0.34126373790875847, 0.32636811258288, 0.30171579731900855]], "rouge2": [[0.11417347537440302, 0.11655441061058423, 0.10468709903933662], [0.11617424760988229, 0.1187581528488641, 0.10653865236896155], [0.11810302459843715, 0.1211308822914989, 0.1083099814836577]], "rougeL": [[0.2242035970669798, 0.20811794825047558, 0.1946385068089891], [0.22630179532870992, 0.2102893198047042, 0.19624228966710022], [0.2284882037963303, 0.21258670402402877, 0.19790787351593034]], "rougeLsum": [[0.28831525415808046, 0.269691057996045, 0.25221401491259005], [0.2908308553101413, 0.2727686253624504, 0.25441104627593136], [0.2934025446077703, 0.27553440403582463, 0.2563638700701062]], "coherence": 0.697628, "consistency": 0.799807, "fluency": 0.898852, "relevance": 0.67935, "overall": 0.768909}