{"rouge1": [[0.2725390267766517, 0.2237506582414873, 0.24348700116436267], [0.323588175666977, 0.29902322377824575, 0.2961926050772625], [0.38605448089068717, 0.38262794412962714, 0.35129415420764265]], "rouge2": [[0.057344841222951845, 0.054613235976595564, 0.05294242169456726], [0.11066486204038105, 0.11230299569380807, 0.10568437410542675], [0.1715807046469383, 0.17706931198511364, 0.15962423081961835]], "rougeL": [[0.20964252187147236, 0.16393616125096974, 0.1815523684719799], [0.2435601791998851, 0.22177260017817294, 0.22033228558404552], [0.27834788330426513, 0.27789053264163965, 0.25970728849707436]], "rougeLsum": [[0.23554048377938502, 0.1837634333290968, 0.20482358450402838], [0.26785135546719896, 0.24616309163432787, 0.24358094076293424], [0.3020559360173678, 0.32030284773705825, 0.2807649128430532]], "coherence": 0.707261, "consistency": 0.830698, "fluency": 0.912615, "relevance": 0.685432, "overall": 0.784001}