{"rouge1": [[0.3435818363630728, 0.3177863002741502, 0.2973405806015141], [0.3466311520347082, 0.3211682349878785, 0.299703387500875], [0.34972902577052684, 0.3245300416027735, 0.3021335107749686]], "rouge2": [[0.12171436811536797, 0.11776270469429898, 0.10749442205505909], [0.12377913710972392, 0.11990076096799554, 0.10922256291512905], [0.12602254442713443, 0.12192809564615316, 0.1109243033584152]], "rougeL": [[0.23258802769489895, 0.20749272546727374, 0.19616907131689368], [0.23495314084119817, 0.20971100710473586, 0.1977180594885248], [0.2371835214429948, 0.21207992908608297, 0.19953487892101704]], "rougeLsum": [[0.2962189998009472, 0.26846550515866857, 0.25297562749970953], [0.2989082631404085, 0.27133030609978354, 0.25510921439154205], [0.30156181275854577, 0.2739634644508592, 0.25706997114705443]], "coherence": 0.725859, "consistency": 0.825347, "fluency": 0.899656, "relevance": 0.694162, "overall": 0.786256}