{"rouge1": [[0.23847764387286446, 0.17832185793196303, 0.19404035536678443], [0.3446048185534376, 0.2848265325399208, 0.27843495434004617], [0.4660787817722672, 0.39305812924925165, 0.3783691363481495]], "rouge2": [[0.08041920344785901, 0.06289517081519352, 0.06710691947939743], [0.14611374115443948, 0.12085582725975233, 0.11447951127816704], [0.22636610012202993, 0.18641185214681177, 0.16962125056352947]], "rougeL": [[0.19821052630246047, 0.15749996825200224, 0.16732028761976664], [0.2757981560931704, 0.22134810802965454, 0.21815069067478704], [0.3857649284192729, 0.2846050247380571, 0.25727942191601927]], "rougeLsum": [[0.2176627283796402, 0.18043259920653898, 0.1940429106769129], [0.3164921640486562, 0.2645305416977244, 0.25401588994950397], [0.4250794360537008, 0.35063384954458826, 0.3283863158541249]], "coherence": 0.505467, "consistency": 0.649201, "fluency": 0.925377, "relevance": 0.646866, "overall": 0.681728}