{"rouge1": [[0.29182171714187105, 0.3131277352335521, 0.2772380102965545], [0.2944638546897631, 0.31630160478245267, 0.27967854998973707], [0.29723147381139436, 0.3196305210143769, 0.2820992864710555]], "rouge2": [[0.09343682841956442, 0.1081797153392775, 0.09250803580917308], [0.09535594430916962, 0.11035777205580394, 0.09425265268975791], [0.09708929254303617, 0.11271083620853255, 0.09596610423019346]], "rougeL": [[0.19459734447316893, 0.20462472033673806, 0.18188098435533354], [0.1963392665443231, 0.20690409040213942, 0.1833794508264482], [0.19814520521639098, 0.20924583230171867, 0.1850162221697987]], "rougeLsum": [[0.25154526279783296, 0.26572534087891964, 0.23674541667000637], [0.25391353813405415, 0.26882295872338646, 0.2388336494417855], [0.25632431194130906, 0.27142721504451095, 0.24082460744913597]], "coherence": 0.572494, "consistency": 0.695444, "fluency": 0.870369, "relevance": 0.55253, "overall": 0.67271}