{"rouge1": [[0.1509300780487767, 0.22443980553449833, 0.1641801907655928], [0.17364696212980035, 0.25610524985575045, 0.18339922123733057], [0.2025796081774131, 0.284627423426015, 0.20335528408617973]], "rouge2": [[0.02911391600488711, 0.04931091112657528, 0.034086701481219124], [0.03883575538969487, 0.06542257623561043, 0.04523650508848156], [0.04985203407775564, 0.08227561802762554, 0.05729774797431412]], "rougeL": [[0.11377890239211116, 0.16656490065481105, 0.12167619815562138], [0.13099925282219593, 0.18559330931535994, 0.1342934572415341], [0.15188189367509128, 0.20834778589517405, 0.14910168000803647]], "rougeLsum": [[0.1330102067837916, 0.19530640546540795, 0.14302152862777215], [0.15325361499781762, 0.21853939280719248, 0.15791893969289889], [0.1759427208697301, 0.24439427168094413, 0.1758095219497618]], "coherence": 0.437528, "consistency": 0.547146, "fluency": 0.764275, "relevance": 0.428623, "overall": 0.544393}