{"rouge1": [[0.23423162430576522, 0.29476324467613924, 0.24437926415954322], [0.2369966069338188, 0.2983447582545742, 0.24714274012774068], [0.2396443508538643, 0.30172059497324943, 0.2495864650736085]], "rouge2": [[0.07528781998454302, 0.098339823854112, 0.08022641359752412], [0.07700345565900812, 0.10056403924291855, 0.08195338344424669], [0.07869623690958408, 0.10275906004198979, 0.08365949705616944]], "rougeL": [[0.15681458733110926, 0.19727485111857462, 0.16269731147002942], [0.15867153993468225, 0.19942901220514342, 0.16436567916732703], [0.16060655172324415, 0.20184341455579868, 0.16610233631915364]], "rougeLsum": [[0.20154343760636487, 0.2520899305301323, 0.20927435621754054], [0.20397819101879605, 0.254749184892603, 0.21150768039840848], [0.2064289059984934, 0.2579902204339155, 0.2139198167432945]], "coherence": 0.530831, "consistency": 0.593393, "fluency": 0.740402, "relevance": 0.48717, "overall": 0.587949}