{"rouge1": [[0.21796468369861566, 0.2752707356531359, 0.22875251710889635], [0.22079349242984153, 0.27897219848600796, 0.23160361935785662], [0.22364955120436764, 0.28239119534894475, 0.23431296404226426]], "rouge2": [[0.07046181978271779, 0.09355235532193905, 0.07613941338966364], [0.07213235917467403, 0.09575788219325707, 0.07792365663212542], [0.07389446207651781, 0.09798449655868226, 0.07982471201112852]], "rougeL": [[0.14491744838954312, 0.18299335495568786, 0.1514052952784935], [0.1468849186895879, 0.18529607499382147, 0.15321676277022905], [0.1487497484779384, 0.18797806951405033, 0.1551328838244613]], "rougeLsum": [[0.187275726417202, 0.23470511333952457, 0.19548536448057935], [0.18987980805318397, 0.2379398998467191, 0.19803979283829587], [0.19240796821373285, 0.24112929929087315, 0.20045069191537443]], "coherence": 0.569484, "consistency": 0.563078, "fluency": 0.695344, "relevance": 0.528099, "overall": 0.589001}